Category,Sub-Category,Type
Toy,Mechanical,Friction
Toy,Mechanical,Clockwork
Toy,Mechanical,Sand Toys
Toy,Mechanical,Air Toys
Toy,Mechanical,Balance Toys
Toy,Mechanical,Torsion and tension 
Toy,Mechanical, Banks 
Toy,Mechanical,Automaton
Toy,Mechanical,Optical and Kinetic
Toy,Mechanical,Kinetic/steam toys
Toy,Tin Toys,Battery Operated
Toy,Tin Toys,Clockwork
Toy,Tin Toys,Friction
Toy,Tin Toys,Pull and Push
Toy,Plastic Toys,Battery Operated
Toy,Plastic Toys,Clockwork
Toy,Plastic Toys,Friction
Toy,Plastic Toys,Squeeze Vinyl
Toy,Plush Toys,Antique
Toy,Plush Toys,Vintage
Toy,Plush Toys,Contemporary 
Toy,Table Games,Board Games
Toy,Table Games,Card Games
Toy,Table Games,Puzzle Games
Toy,Table Games,Tile based games
Toy,Table Games,Educational Games
Toy,Table Games,Outdoor Games
Toy,Table Games,Party Games
Toy,Outdoor Toys,x4 wheels 
Toy,Outdoor Toys,Tricycles
Toy,Outdoor Toys,Scooters
Toy,Outdoor Toys,Wagons
Toy,Outdoor Toys,Luna park toys & accessories 
Toy,Outdoor Toys,Tents/Playhouses
Toy,Outdoor Toys,Inflatable Pools
Toy,Outdoor Toys,Pretend Play
Toy,School Related ,Basic schools supplies
Toy,School Related ,Art & craft supplies 
Toy,School Related ,Technology and gadgets
Toy,School Related ,Organization toolss
Toy,School Related ,Lunch & hydration items
Toy,School Related ,Sports & extra curricular items
Toy,School Related ,Personal care items
Toy,School Related ,Books and reading materials
Toy,School Related ,Miscellaneous items
Toy,Electronic,Handheld Video Games
Toy,Electronic,Console video games
Toy,Electronic,Computer and PC games
Toy,Electronic,Electronic learning devices
Toy,Electronic,Remote control toys
Toy,Electronic,Robotics and programmable toys
Toy,Electronic,Interactive and AI toys
Toy,Electronic,Virtual Reality games and toys
Toy,Electronic,Electronic musical toys
Toy,Electronic,Interactive and smart board games
Toy,Electronic,Interactive projectors and displays 
Toy,Electronic,Electronic puzzles and brainbgames
Toy,Electronic,wearable electronic toys
Toy,Electronic,Electronic role playing and pretend play toys
Toy,Electronic,Educational and scientific gadgets
Toy,Electronic,Light and sound toys
Toy,Electronic,Electronic construction toys
Toy,Die-Cast, vehicles
Toy,Die-Cast,Aircrafts
Toy,Die-Cast,Trains
Toy,Die-Cast,Ships & boats 
Toy,Die-Cast,Figures & characters
Toy,Die-Cast,Play sets and accessories
Toy,Die-Cast,Miniature models 
Toy,Die-Cast,Promotional items
Toy,Die-Cast,Military & Combat 
Toy,Die-Cast,Fantasy and sci-fi
Toy,Die-Cast,Miscellaneous
Toy,Action Figures,Superheroes action
Toy,Action Figures,Movie and TV Characters
Toy,Action Figures,Military and war action 
Toy,Action Figures,Video Game Characters
Toy,Action Figures,Sports Figures
Toy,Action Figures,Interactive and tech enhanced 
Toy,Action Figures,Robot and mecha
Toy,Action Figures,Historical and cultural
Toy,Action Figures,Animated and cartoon
Toy,Action Figures,Parody and humerous
Toy,Action Figures,Crossovers and Mash up 
Toy,Musical Toys,Toy Instruments
Toy,Musical Toys,Sing-Along Toys
Toy,Musical Toys,Dance Mats
Toy,Musical Toys,Sound Effect Toys
Toy,Musical Toys,Musical Mobiles
Toy,Musical Toys,Music Boxes
Toy,Play Sets,Dollhouses
Toy,Play Sets,Battery Operated
Toy,Play Sets,Castles
Toy,Play Sets,Farms
Toy,Play Sets,Construction
Toy,Play Sets,Sports
Toy,Play Sets,Space Stations
Toy,Model Kits,Airplanes
Toy,Model Kits,Cars
Toy,Model Kits,Ships
Toy,Model Kits,Robots
Toy,Model Kits,Buildings
Toy,Model Kits,Fantasy Models
Toy,Banks,Classic toy bank
Toy,Banks,Mechanical
Toy,Banks,Wind up
Toy,Banks,Battery operated
Toy,Banks,Digital and electronic
Toy,Banks,Novelty and themed
Toy,Banks,Collectible and vintage
Toy,Banks,Educational
Toy,Banks,Souvenir and commemorative
Toy,Banks,Theatrical and animated
Toy,Banks,DIY and customised
Toy,Banks,Futuristic and tech integrated
Toy,Banks,Religious
Toy,Banks,Ethnic and naive
Dolls,Wood And PApier-Machie,Antique Dolls
Dolls,Wood And PApier-Machie,Vintage Dolls
Dolls,Wood And PApier-Machie,Contemporary Dolls
Dolls,Fashion Dolls,Contemporary Dolls
Dolls,Fashion Dolls,Vintage Dolls
Dolls,Fashion Dolls,Antique Dolls
Dolls,Wax Dolls,Contemporary Dolls
Dolls,Wax Dolls,Vintage Dolls
Dolls,Wax Dolls,Antique Dolls
Dolls,China and Parian,Contemporary Dolls
Dolls,China and Parian,Vintage Dolls
Dolls,China and Parian,Antique Dolls
Dolls,German Bisque,Contemporary Dolls
Dolls,German Bisque,Vintage Dolls
Dolls,German Bisque,Antique Dolls
Dolls,Fabric & Raq,Contemporary Dolls
Dolls,Fabric & Raq,Vintage Dolls
Dolls,Fabric & Raq,Antique Dolls
Dolls,Half-Dolls,Contemporary Dolls
Dolls,Half-Dolls,Vintage Dolls
Dolls,Half-Dolls,Antique Dolls
Dolls,Miniatures Dolls,Contemporary Dolls
Dolls,Miniatures Dolls,Antique Dolls
Dolls,Miniatures Dolls,Vintage Dolls
Dolls,Metal head ,Contemporary Dolls
Dolls,Metal head ,Antique Dolls
Dolls,Metal head ,Vintage Dolls
Dolls,Celluloid,Contemporary Dolls
Dolls,Celluloid,Antique Dolls
Dolls,Celluloid,Vintage Dolls
Dolls,Composition,Contemporary Dolls
Dolls,Composition,Antique Dolls
Dolls,Composition,Vintage Dolls
Dolls,Plastic,Contemporary Dolls
Dolls,Plastic,Antique Dolls
Dolls,Plastic,Vintage Dolls
Dolls,Handmade Dolls,Contemporary Dolls
Dolls,Handmade Dolls,Antique Dolls
Dolls,Handmade Dolls,Vintage Dolls
Robots,Cartoon Characters,a
Robots,Teddy Bears,s
Robots,Fantasy Creatures,d
Robots,Licensed Characters,f
Robots,Giant Plush Toys,g
Robots,Animals,h 
Space Age,Books on Space,q
Space Age,Space Toy,w
Space Age,Pins,e
Space Age,Clothes on Space,r
Ethnic,Dolls,as
Ethnic,Games,ad
Ethnic,Clothes,af
Identity & Clothing,Dress,Casual Dresses
Identity & Clothing,Dress,Party Dresses
Identity & Clothing,Dress,Formal Dresses
Identity & Clothing,Dress,Costume Dresses
Identity & Clothing,Dress,Seasonal Dresses
Identity & Clothing,Dress,Themed Dresses
Identity & Clothing,Shirt/T-Shirts,Graphic Tees
Identity & Clothing,Shirt/T-Shirts,Polo Shirts
Identity & Clothing,Shirt/T-Shirts,Long-Sleeve Shirts
Identity & Clothing,Shirt/T-Shirts,Button-Down Shirts
Identity & Clothing,Shirt/T-Shirts,Sports Jerseys
Identity & Clothing,Shirt/T-Shirts,Themed T-Shirts
Identity & Clothing,Pants/Shorts,Jeans
Identity & Clothing,Pants/Shorts,Cargo Pants
Identity & Clothing,Pants/Shorts,Leggings
Identity & Clothing,Pants/Shorts,Joggers
Identity & Clothing,Pants/Shorts,Dress Pants
Identity & Clothing,Pants/Shorts,Bermuda Shorts
Identity & Clothing,Pajamas,One-Piece Pajamas
Identity & Clothing,Pajamas,Pajama Sets
Identity & Clothing,Pajamas,Nightgowns
Identity & Clothing,Pajamas,Themed Pajamas
Identity & Clothing,Pajamas,Sleep Shirts
Identity & Clothing,Pajamas,Footed Pajamas
Identity & Clothing,Pajamas,Footed Pajamas
Identity & Clothing,Costumes/Dress-Up Clothes,Superhero Costumes
Identity & Clothing,Costumes/Dress-Up Clothes,Princess Costumes
Identity & Clothing,Costumes/Dress-Up Clothes,Animal Costumes
Identity & Clothing,Costumes/Dress-Up Clothes,Fantasy Costumes
Identity & Clothing,Costumes/Dress-Up Clothes,Halloween Costumes
Identity & Clothing,Costumes/Dress-Up Clothes,"Career Costumes (e.g., Firefighter, Doctor)"
Identity & Clothing,Outerwear,Jackets
Identity & Clothing,Outerwear,Coats
Identity & Clothing,Outerwear,Hoodies
Identity & Clothing,Outerwear,Raincoats
Identity & Clothing,Outerwear,Vests
Identity & Clothing,Outerwear,Snowsuits
Identity & Clothing,Footwear,Sneakers
Identity & Clothing,Footwear,Boots
Identity & Clothing,Footwear,Sandals
Identity & Clothing,Footwear,Dress Shoes
Identity & Clothing,Footwear,Slippers
Identity & Clothing,Footwear,Athletic Shoes
Identity & Clothing,Accessories,Hats
Identity & Clothing,Accessories,Scarves
Identity & Clothing,Accessories,Gloves
Identity & Clothing,Accessories,Belts
Identity & Clothing,Accessories,Ties/Bowties
Identity & Clothing,Accessories,Sunglasses
Identity & Clothing,School Uniforms,Shirts
Identity & Clothing,School Uniforms,Pants/Skirts
Identity & Clothing,School Uniforms,Blazers
Identity & Clothing,School Uniforms,Ties
Identity & Clothing,School Uniforms,Shoes
Identity & Clothing,School Uniforms,Gym Uniforms
Identity & Clothing,Baby Clothes,Onesies
Identity & Clothing,Baby Clothes,Baby Dresses
Identity & Clothing,Baby Clothes,Baby Shoes
Identity & Clothing,Baby Clothes,Baby Hats
Identity & Clothing,Baby Clothes,Baby Socks
Identity & Clothing,Baby Clothes,Baby Blankets
Infant & Childcare,Birthday Party Decorations,Birthday Party Decorations
Infant & Childcare,Birthday Party Decorations,Balloons
Infant & Childcare,Birthday Party Decorations,Banners
Infant & Childcare,Birthday Party Decorations,Tableware
Infant & Childcare,Birthday Party Decorations,Centerpieces
Infant & Childcare,Birthday Party Decorations,Party Favors
Infant & Childcare,Birthday Party Decorations,Themed Decorations
Infant & Childcare,Birthday Party Decorations,Holiday Decorations
Infant & Childcare,Holiday Decorations,Christmas Decorations
Infant & Childcare,Holiday Decorations,Halloween Decorations
Infant & Childcare,Holiday Decorations,Easter Decorations
Infant & Childcare,Holiday Decorations,Thanksgiving Decorations
Infant & Childcare,Holiday Decorations,Fourth of July Decorations
Infant & Childcare,Holiday Decorations,Themed Holiday Decorations
Infant & Childcare,Birthday Gifts,Birthday Gifts
Infant & Childcare,Birthday Gifts,Toys
Infant & Childcare,Birthday Gifts,Books
Infant & Childcare,Birthday Gifts,Clothing
Infant & Childcare,Birthday Gifts,Games
Infant & Childcare,Birthday Gifts,Personalized Gifts
Infant & Childcare,Birthday Gifts,Themed Gifts
Infant & Childcare,Party Favors,Party Favors
Infant & Childcare,Party Favors,Goody Bags
Infant & Childcare,Party Favors,Small Toys
Infant & Childcare,Party Favors,Stickers
Infant & Childcare,Party Favors,Candy
Infant & Childcare,Party Favors,Themed Favors
Infant & Childcare,Party Favors,Personalized Favors
Infant & Childcare,Greeting Cards,Greeting Cards
Infant & Childcare,Greeting Cards,Birthday Cards
Infant & Childcare,Greeting Cards,Holiday Cards
Infant & Childcare,Greeting Cards,Thank You Cards
Infant & Childcare,Greeting Cards,Personalized Cards
Infant & Childcare,Greeting Cards,Handmade Cards
Infant & Childcare,Greeting Cards,Themed Cards
Infant & Childcare,Ornaments,Ornaments
Infant & Childcare,Ornaments,Christmas Ornaments
Infant & Childcare,Ornaments,Easter Ornaments
Infant & Childcare,Ornaments,Halloween Ornaments
Infant & Childcare,Ornaments,Themed Ornaments
Infant & Childcare,Ornaments,Personalized Ornaments
Infant & Childcare,Ornaments,Collectible Ornaments
Infant & Childcare,Costumes,Costumes
Infant & Childcare,Costumes,Halloween Costumes
Infant & Childcare,Costumes,Dress-Up Costumes
Infant & Childcare,Costumes,Superhero Costumes
Infant & Childcare,Costumes,Princess Costumes
Infant & Childcare,Costumes,Animal Costumes
Infant & Childcare,Costumes,Themed Costumes
Infant & Childcare,Easter Baskets,Easter Baskets
Infant & Childcare,Easter Baskets,Themed Baskets
Infant & Childcare,Easter Baskets,Personalized Baskets
Infant & Childcare,Easter Baskets,DIY Baskets
Infant & Childcare,Easter Baskets,Candy-Filled Baskets
Infant & Childcare,Easter Baskets,Toy-Filled Baskets
Infant & Childcare,Easter Baskets,Baby’s First Baskets
Infant & Childcare,Baby’s First Items,Baby’s First Items
Infant & Childcare,Baby’s First Items,First Tooth Box
Infant & Childcare,Baby’s First Items,First Haircut Box
Infant & Childcare,Baby’s First Items,First Birthday Keepsakes
Infant & Childcare,Baby’s First Items,First Christmas Ornaments
Infant & Childcare,Baby’s First Items,First Shoes
Infant & Childcare,Baby’s First Items,First Toys
Infant & Childcare,Memory Books,Memory Books
Infant & Childcare,Memory Books,Baby Books
Infant & Childcare,Memory Books,School Years Books
Infant & Childcare,Memory Books,Travel Memory Books
Infant & Childcare,Memory Books,Family Memory Books
Infant & Childcare,Memory Books,Wedding Memory Books
Infant & Childcare,Memory Books,Themed Memory Books
Unique Toys,Prompt,Diorama
Unique Toys,Plush Keychains,Character Keychains
Unique Toys,Plush Keychains,Animal Keychains
Unique Toys,Plush Keychains,Personalized Keychains
Unique Toys,Plush Keychains,Themed Keychains
Unique Toys,Plush Keychains,Light-Up Keychains
Unique Toys,Plush Keychains,Scented Keychains
Unique Toys,Lunch Boxes,Lunch Boxes
Unique Toys,Lunch Boxes,Character Lunch Boxes
Unique Toys,Lunch Boxes,Insulated Lunch Bags
Unique Toys,Lunch Boxes,Bento Boxes
Unique Toys,Lunch Boxes,Personalized Lunch Boxes
Unique Toys,Lunch Boxes,Themed Lunch Boxes
Unique Toys,Lunch Boxes,Classic Lunch Boxes
Unique Toys,Calendars,Calendars
Unique Toys,Calendars,Wall Calendars
Unique Toys,Calendars,Desk Calendars
Unique Toys,Calendars,Perpetual Calendars
Unique Toys,Calendars,Advent Calendars
Unique Toys,Calendars,Themed Calendars
Unique Toys,Calendars,Personalized Calendars
Unique Toys,Watches,Watches
Unique Toys,Watches,Digital Watches
Unique Toys,Watches,Analog Watches
Unique Toys,Watches,Character Watches
Unique Toys,Watches,Sports Watches
Unique Toys,Watches,Smartwatches
Unique Toys,Watches,Themed Watches
Unique Toys,Sunglasses,Sunglasses
Unique Toys,Sunglasses,Character Sunglasses
Unique Toys,Sunglasses,Polarized Sunglasses
Unique Toys,Sunglasses,Sports Sunglasses
Unique Toys,Sunglasses,Fashion Sunglasses
Unique Toys,Sunglasses,Themed Sunglasses
Unique Toys,Sunglasses,Baby Sunglasses
Unique Toys,Water Bottles,Water Bottles
Unique Toys,Water Bottles,Stainless Steel Bottles
Unique Toys,Water Bottles,Plastic Bottles
Unique Toys,Water Bottles,Insulated Bottles
Unique Toys,Water Bottles,Character Bottles
Unique Toys,Water Bottles,Personalized Bottles
Unique Toys,Water Bottles,Themed Bottles
Unique Toys,Badges,Badges
Unique Toys,Badges,Pin Badges
Unique Toys,Badges,Embroidered Badges
Unique Toys,Badges,Iron-On Badges
Unique Toys,Badges,Collectible Badges
Unique Toys,Badges,Themed Badges
Unique Toys,Badges,Personalized Badges
Unique Toys,Scented Items,Scented Items
Unique Toys,Scented Items,Scented Stickers
Unique Toys,Scented Items,Scented Pens
Unique Toys,Scented Items,Scented Erasers
Unique Toys,Scented Items,Scented Toys
Unique Toys,Scented Items,Scented Candles
Unique Toys,Scented Items,Scented Keychains
Unique Toys,Personalized Items,Personalized Items
Unique Toys,Personalized Items,Personalized Backpacks
Unique Toys,Personalized Items,Personalized Lunch Boxes
Unique Toys,Personalized Items,Personalized Books
Unique Toys,Personalized Items,Personalized Puzzles
Unique Toys,Personalized Items,Personalized Toys
Unique Toys,Personalized Items,Personalized Clothing
Unique Toys,DIY Kits,DIY Kits
Unique Toys,DIY Kits,Model Airplanes
Unique Toys,DIY Kits,DIY Jewelry Kits
Unique Toys,DIY Kits,DIY Craft Kits
Unique Toys,DIY Kits,DIY Science Kits
Unique Toys,DIY Kits,DIY Art Kits
Unique Toys,DIY Kits,DIY Model Kits
Culture,Science Fair Projects,Science Fair Projects
Culture,Science Fair Projects,Biology Projects
Culture,Science Fair Projects,Chemistry Projects
Culture,Science Fair Projects,Physics Projects
Culture,Science Fair Projects,Environmental Projects
Culture,Science Fair Projects,Engineering Projects
Culture,Science Fair Projects,Space Projects
Culture,Art Projects,Art Projects
Culture,Art Projects,Painting
Culture,Art Projects,Sculpture
Culture,Art Projects,Collage
Culture,Art Projects,Drawing
Culture,Art Projects,Mixed Media
Culture,Art Projects,Themed Projects
Culture,Essays,Essays
Culture,Essays,History Essays
Culture,Essays,Literature Essays
Culture,Essays,Science Essays
Culture,Essays,Opinion Essays
Culture,Essays,Research Papers
Culture,Essays,Themed Essays
Culture,Reports,Reports
Culture,Reports,Book Reports
Culture,Reports,Science Reports
Culture,Reports,History Reports
Culture,Reports,Research Reports
Culture,Reports,Environmental Reports
Culture,Reports,Themed Reports
Culture,Diagrams,Diagrams
Culture,Diagrams,Science Diagrams
Culture,Diagrams,Historical Diagrams
Culture,Diagrams,Technical Diagrams
Culture,Diagrams,Geography Diagrams
Culture,Diagrams,Themed Diagrams
Culture,Diagrams,Concept Maps
Culture,Posters,Posters
Culture,Posters,Educational Posters
Culture,Posters,Science Posters
Culture,Posters,Historical Posters
Culture,Posters,Art Posters
Culture,Posters,Themed Posters
Culture,Posters,Project Posters
Culture,Book Reports,Book Reports
Culture,Book Reports,Fiction Book Reports
Culture,Book Reports,Non-Fiction Book Reports
Culture,Book Reports,Biography Reports
Culture,Book Reports,Themed Book Reports
Culture,Book Reports,Illustrated Book Reports
Culture,Book Reports,Creative Book Reports
Culture,Group Projects,Group Projects
Culture,Group Projects,Science Projects
Culture,Group Projects,History Projects
Culture,Group Projects,Art Projects
Culture,Group Projects,Drama Projects
Culture,Group Projects,Collaborative Writing
Culture,Group Projects,Themed Projects
Culture,Award-Winning Projects,Award-Winning Projects
Culture,Award-Winning Projects,Science Projects
Culture,Award-Winning Projects,Art Projects
Culture,Award-Winning Projects,Writing Projects
Culture,Award-Winning Projects,History Projects
Culture,Award-Winning Projects,Technology Projects
Culture,Award-Winning Projects,Environmental Projects
Books,Picture Books,Picture Books
Books,Picture Books,Bedtime Stories
Books,Picture Books,Animal Stories
Books,Picture Books,Adventure Stories
Books,Picture Books,Educational Stories
Books,Picture Books,Interactive Stories
Books,Picture Books,Classic Stories
Books,Storybooks,Storybooks
Books,Storybooks,Fairy Tales
Books,Storybooks,Fantasy
Books,Storybooks,Mystery
Books,Storybooks,Historical Fiction
Books,Storybooks,Adventure
Books,Storybooks,Animal Stories
Books,Board Books,Board Books
Books,Board Books,Alphabet Books
Books,Board Books,Number Books
Books,Board Books,Shape Books
Books,Board Books,Touch-and-Feel Books
Books,Board Books,Lift-the-Flap Books
Books,Board Books,First Words
Books,Chapter Books,Chapter Books
Books,Chapter Books,Early Readers
Books,Chapter Books,Middle Grade
Books,Chapter Books,Young Adult
Books,Chapter Books,Fantasy
Books,Chapter Books,Mystery
Books,Chapter Books,Adventure
Books,Educational Books,Educational Books
Books,Educational Books,Math
Books,Educational Books,Science
Books,Educational Books,History
Books,Educational Books,Language Arts
Books,Educational Books,Geography
Books,Educational Books,Activity Books
Books,Comic Books,Comic Books
Books,Comic Books,Superheroes
Books,Comic Books,Manga
Books,Comic Books,Graphic Novels
Books,Comic Books,Adventure Comics
Books,Comic Books,Funny Comics
Books,Comic Books,Classic Comics
Books,Activity Books,Activity Books
Books,Activity Books,Coloring Books
Books,Activity Books,Puzzle Books
Books,Activity Books,Sticker Books
Books,Activity Books,Dot-to-Dot
Books,Activity Books,Mazes
Books,Activity Books,Craft Books
Books,Pop-up Books,Pop-up Books
Books,Pop-up Books,Fantasy Stories
Books,Pop-up Books,Animal Stories
Books,Pop-up Books,Classic Stories
Books,Pop-up Books,Educational Pop-ups
Books,Pop-up Books,Interactive Stories
Books,Pop-up Books,Holiday Books
Books,Classic Children’s Literature,Classic Children’s Literature
Books,Classic Children’s Literature,Fairy Tales
Books,Classic Children’s Literature,Fables
Books,Classic Children’s Literature,Adventure
Books,Classic Children’s Literature,Animal Stories
Books,Classic Children’s Literature,Fantasy
Books,Classic Children’s Literature,Historical Fiction
Books,Interactive Books,Interactive Books
Books,Interactive Books,Lift-the-Flap
Books,Interactive Books,Sound Books
Books,Interactive Books,Touch-and-Feel
Books,Interactive Books,Augmented Reality
Books,Interactive Books,Scratch-and-Sniff
Books,Interactive Books,Animated Books
Greeting Cards,Birthday Cards,a
Greeting Cards,Holiday Cards,New Year
Greeting Cards,Thank You Cards,d
Greeting Cards,Personalized Cards,f
Greeting Cards,Handmade Cards,g
Greeting Cards,Themed Cards,h
Comic Related,Golden Age Comics,Superhero
Comic Related,Golden Age Comics,Slice-Of-Life
Comic Related,Golden Age Comics,Humour
Comic Related,Golden Age Comics,Non-Fiction 
Comic Related,Golden Age Comics,Science-Fiction/Fantasy
Comic Related,Golden Age Comics,Horror
Comic Related,Silver Age Comics,Superhero
Comic Related,Silver Age Comics,Slice-Of-Life
Comic Related,Silver Age Comics,Humour
Comic Related,Silver Age Comics,Non-Fiction 
Comic Related,Silver Age Comics,Science-Fiction/Fantasy
Comic Related,Silver Age Comics,Horror
Comic Related,Bronze Age Comics,Superhero
Comic Related,Bronze Age Comics,Slice-Of-Life
Comic Related,Bronze Age Comics,Humour
Comic Related,Bronze Age Comics,Non-Fiction 
Comic Related,Bronze Age Comics,Science-Fiction/Fantasy
Comic Related,Bronze Age Comics,Horror
Comic Related,Modern Age Comics,Superhero
Comic Related,Modern Age Comics,Slice-Of-Life
Comic Related,Modern Age Comics,Humour
Comic Related,Modern Age Comics,Non-Fiction 
Comic Related,Modern Age Comics,Science-Fiction/Fantasy
Comic Related,Modern Age Comics,Horror
Comic Related,Modern Age Comics,
Comic Related,Graphic Novels,Superhero
Comic Related,Graphic Novels,Slice-Of-Life
Comic Related,Graphic Novels,Humour
Comic Related,Graphic Novels,Non-Fiction 
Comic Related,Graphic Novels,Science-Fiction/Fantasy
Comic Related,Graphic Novels,Horror
Comic Related,Graphic Novels,
Comic Related,Manga,Superhero
Comic Related,Manga,Slice-Of-Life
Comic Related,Manga,Humour
Comic Related,Manga,Non-Fiction 
Comic Related,Manga,Science-Fiction/Fantasy
Comic Related,Manga,Horror
Art Supplies,Crayons/Markers,Crayons/Markers
Art Supplies,Crayons/Markers,Washable Crayons
Art Supplies,Crayons/Markers,Scented Markers
Art Supplies,Crayons/Markers,Neon Crayons
Art Supplies,Crayons/Markers,Jumbo Crayons
Art Supplies,Crayons/Markers,Dual-Tip Markers
Art Supplies,Crayons/Markers,Themed Markers
Art Supplies,Coloring Books,Coloring Books
Art Supplies,Coloring Books,Animal Coloring Books
Art Supplies,Coloring Books,Fantasy Coloring Books
Art Supplies,Coloring Books,Superhero Coloring Books
Art Supplies,Coloring Books,Educational Coloring Books
Art Supplies,Coloring Books,Holiday Coloring Books
Art Supplies,Coloring Books,Themed Coloring Books
Art Supplies,Paints/Paint Brushes,Paints/Paint Brushes
Art Supplies,Paints/Paint Brushes,Watercolor Paints
Art Supplies,Paints/Paint Brushes,Acrylic Paints
Art Supplies,Paints/Paint Brushes,Tempera Paints
Art Supplies,Paints/Paint Brushes,Finger Paints
Art Supplies,Paints/Paint Brushes,Paint Palettes
Art Supplies,Paints/Paint Brushes,Themed Paint Kits
Art Supplies,Clay/Play-Doh,Clay/Play-Doh
Art Supplies,Clay/Play-Doh,Modeling Clay
Art Supplies,Clay/Play-Doh,Sculpting Tools
Art Supplies,Clay/Play-Doh,Play-Doh Sets
Art Supplies,Clay/Play-Doh,Themed Play-Doh Sets
Art Supplies,Clay/Play-Doh,Air-Dry Clay
Art Supplies,Clay/Play-Doh,Clay Cutters
Art Supplies,Craft Kits,Craft Kits
Art Supplies,Craft Kits,Jewelry-Making Kits
Art Supplies,Craft Kits,Sewing Kits
Art Supplies,Craft Kits,Paper Craft Kits
Art Supplies,Craft Kits,DIY Kits
Art Supplies,Craft Kits,Science Craft Kits
Art Supplies,Craft Kits,Themed Craft Kits
Art Supplies,Stickers,Stickers
Art Supplies,Stickers,Puffy Stickers
Art Supplies,Stickers,Scratch-and-Sniff Stickers
Art Supplies,Stickers,Glow-in-the-Dark Stickers
Art Supplies,Stickers,Educational Stickers
Art Supplies,Stickers,Themed Stickers
Art Supplies,Stickers,Reward Stickers
Art Supplies,Paper/Sketchbooks,Paper/Sketchbooks
Art Supplies,Paper/Sketchbooks,Drawing Paper
Art Supplies,Paper/Sketchbooks,Sketch Pads
Art Supplies,Paper/Sketchbooks,Watercolor Paper
Art Supplies,Paper/Sketchbooks,Construction Paper
Art Supplies,Paper/Sketchbooks,Themed Sketchbooks
Art Supplies,Paper/Sketchbooks,Personalized Sketchbooks
Art Supplies,Scissors/Glue,Scissors/Glue
Art Supplies,Scissors/Glue,Safety Scissors
Art Supplies,Scissors/Glue,Decorative Scissors
Art Supplies,Scissors/Glue,Glue Sticks
Art Supplies,Scissors/Glue,Liquid Glue
Art Supplies,Scissors/Glue,Glitter Glue
Art Supplies,Scissors/Glue,Themed Glue
Art Supplies,Beads/Jewelry-Making Kits,Beads/Jewelry-Making Kits
Art Supplies,Beads/Jewelry-Making Kits,Plastic Beads
Art Supplies,Beads/Jewelry-Making Kits,Glass Beads
Art Supplies,Beads/Jewelry-Making Kits,Alphabet Beads
Art Supplies,Beads/Jewelry-Making Kits,Friendship Bracelet Kits
Art Supplies,Beads/Jewelry-Making Kits,Themed Jewelry Kits
Art Supplies,Beads/Jewelry-Making Kits,Metal Charms
Art Supplies,Stamps/Ink Pads,Stamps/Ink Pads
Art Supplies,Stamps/Ink Pads,Alphabet Stamps
Art Supplies,Stamps/Ink Pads,Animal Stamps
Art Supplies,Stamps/Ink Pads,Themed Stamps
Art Supplies,Stamps/Ink Pads,Scented Ink Pads
Art Supplies,Stamps/Ink Pads,Color-Changing Ink Pads
Art Supplies,Stamps/Ink Pads,Washable Ink Pads
Trading Cards,Pokémon Cards,Graded
Trading Cards,Baseball Cards,1
Trading Cards,Magic: The Gathering,2
Trading Cards,Yu-Gi-Oh! Cards,4
Trading Cards,Sports Trading Cards,5
Trading Cards,Collectible Card Games (CCGs),3
Collectibles,Trading Cards,Trading Cards
Collectibles,Trading Cards,Pokémon Cards
Collectibles,Trading Cards,Baseball Cards
Collectibles,Trading Cards,Magic: The Gathering
Collectibles,Trading Cards,Yu-Gi-Oh! Cards
Collectibles,Trading Cards,Sports Trading Cards
Collectibles,Trading Cards,Collectible Card Games (CCGs)
Collectibles,Stickers,Stickers
Collectibles,Stickers,Scratch-and-Sniff Stickers
Collectibles,Stickers,Puffy Stickers
Collectibles,Stickers,Holographic Stickers
Collectibles,Stickers,Sticker Albums
Collectibles,Stickers,Reward Stickers
Collectibles,Stickers,Licensed Character Stickers
Collectibles,Figurines,Figurines
Collectibles,Figurines,Anime Figurines
Collectibles,Figurines,Movie/TV Show Figurines
Collectibles,Figurines,Superhero Figurines
Collectibles,Figurines,Fantasy Figurines
Collectibles,Figurines,Miniature Figures
Collectibles,Figurines,Vinyl Figures
Collectibles,Coins,Coins
Collectibles,Coins,Commemorative Coins
Collectibles,Coins,Foreign Coins
Collectibles,Coins,Historical Coins
Collectibles,Coins,Themed Coin Collections
Collectibles,Coins,Proof Sets
Collectibles,Coins,Gold/Silver Coins
Collectibles,Stamps,Stamps
Collectibles,Stamps,Postage Stamps
Collectibles,Stamps,Commemorative Stamps
Collectibles,Stamps,Foreign Stamps
Collectibles,Stamps,Historical Stamps
Collectibles,Stamps,Themed Stamp Collections
Collectibles,Stamps,Stamp Albums
Collectibles,Marbles,Marbles
Collectibles,Marbles,Cat’s Eye Marbles
Collectibles,Marbles,Swirled Marbles
Collectibles,Marbles,Clearies
Collectibles,Marbles,Aggies
Collectibles,Marbles,Steelies
Collectibles,Marbles,Specialty Marbles
Collectibles,Memorabilia,HAT
Collectibles,Memorabilia,Mug
Collectibles,Memorabilia,Glasses
Collectibles,Memorabilia,Keyring
Collectibles,Memorabilia,Diaries
Collectibles,Memorabilia,Robot Figures
Collectibles,Memorabilia,Fantasy Figures
Collectibles,Comic Books,Comic Books
Collectibles,Comic Books,Golden Age Comics
Collectibles,Comic Books,Silver Age Comics
Collectibles,Comic Books,Bronze Age Comics
Collectibles,Comic Books,Modern Age Comics
Collectibles,Comic Books,Graphic Novels
Collectibles,Comic Books,Manga
Collectibles,Autographed Items,Autographed Items
Collectibles,Autographed Items,Signed Photos
Collectibles,Autographed Items,Signed Posters
Collectibles,Autographed Items,Signed Memorabilia
Collectibles,Autographed Items,Autographed Cards
Collectibles,Autographed Items,Signed Books
Collectibles,Autographed Items,Signed Comics
Collectibles,Limited Edition Items,Limited Edition Items
Collectibles,Limited Edition Items,Collector’s Editions
Collectibles,Limited Edition Items,Numbered Editions
Collectibles,Limited Edition Items,Artist Proofs
Collectibles,Limited Edition Items,Event-Exclusive Items
Collectibles,Limited Edition Items,Themed Limited Editions
Collectibles,Limited Edition Items,Autographed Limited Editions
Boxes,Contemporary,Sweets
Boxes,Vintage,Sweets
Boxes,Antique,Sweets